ID,Customer_ID,Month,Name,Age,SSN,Occupation,Annual_Income,Monthly_Inhand_Salary,Num_Bank_Accounts,Num_Credit_Card,Interest_Rate,Num_of_Loan,Type_of_Loan,Delay_from_due_date,Num_of_Delayed_Payment,Changed_Credit_Limit,Num_Credit_Inquiries,Credit_Mix,Outstanding_Debt,Credit_Utilization_Ratio,Credit_History_Age,Payment_of_Min_Amount,Total_EMI_per_month,Amount_invested_monthly,Payment_Behaviour,Monthly_Balance,Credit_Score
0x1602,CUS_0xd40,January,Aaron Maashoh,23,821-00-0265,Scientist,19114.12,1824.8433333333328,3,4,3,4,"Auto Loan, Credit-Builder Loan, Personal Loan, and Home Equity Loan",3,7,11.27,4.0,_,809.98,26.822619623699016,22 Years and 1 Months,No,49.57494921489417,80.41529543900253,High_spent_Small_value_payments,312.49408867943663,Good
0x1603,CUS_0xd40,February,Aaron Maashoh,23,821-00-0265,Scientist,19114.12,,3,4,3,4,"Auto Loan, Credit-Builder Loan, Personal Loan, and Home Equity Loan",-1,,11.27,4.0,Good,809.98,31.94496005538421,NA,No,49.57494921489417,118.28022162236736,Low_spent_Large_value_payments,284.62916249607184,Good
0x1604,CUS_0xd40,March,Aaron Maashoh,-500,821-00-0265,Scientist,19114.12,,3,4,3,4,"Auto Loan, Credit-Builder Loan, Personal Loan, and Home Equity Loan",3,7,_,4.0,Good,809.98,28.60935202206993,22 Years and 3 Months,No,49.57494921489417,81.699521264648,Low_spent_Medium_value_payments,331.2098628537912,Good
0x1605,CUS_0xd40,April,Aaron Maashoh,23,821-00-0265,Scientist,19114.12,,3,4,3,4,"Auto Loan, Credit-Builder Loan, Personal Loan, and Home Equity Loan",5,4,6.27,4.0,Good,809.98,31.377861869582354,22 Years and 4 Months,No,49.57494921489417,199.4580743910713,Low_spent_Small_value_payments,223.45130972736786,Good
0x1606,CUS_0xd40,May,Aaron Maashoh,23,821-00-0265,Scientist,19114.12,1824.8433333333328,3,4,3,4,"Auto Loan, Credit-Builder Loan, Personal Loan, and Home Equity Loan",6,,11.27,4.0,Good,809.98,24.797346908844986,22 Years and 5 Months,No,49.57494921489417,41.420153086217326,High_spent_Medium_value_payments,341.48923103222177,Good
0x1607,CUS_0xd40,June,Aaron Maashoh,23,821-00-0265,Scientist,19114.12,,3,4,3,4,"Auto Loan, Credit-Builder Loan, Personal Loan, and Home Equity Loan",8,4,9.27,4.0,Good,809.98,27.26225871052017,22 Years and 6 Months,No,49.57494921489417,62.430172331195294,!@9#%8,340.4792117872438,Good
0x1608,CUS_0xd40,July,Aaron Maashoh,23,821-00-0265,Scientist,19114.12,1824.8433333333328,3,4,3,4,"Auto Loan, Credit-Builder Loan, Personal Loan, and Home Equity Loan",3,8_,11.27,4.0,Good,809.98,22.53759303178384,22 Years and 7 Months,No,49.57494921489417,178.3440674122349,Low_spent_Small_value_payments,244.5653167062043,Good
0x1609,CUS_0xd40,August,,23,#F%$D@*&8,Scientist,19114.12,1824.8433333333328,3,4,3,4,"Auto Loan, Credit-Builder Loan, Personal Loan, and Home Equity Loan",3,6,11.27,4.0,Good,809.98,23.93379480196552,NA,No,49.57494921489417,24.785216509052056,High_spent_Medium_value_payments,358.12416760938714,Standard
0x160e,CUS_0x21b1,January,Rick Rothackerj,28_,004-07-5839,_______,34847.84,3037.986666666666,2,4,6,1,Credit-Builder Loan,3,4,5.42,2.0,Good,605.03,24.46403063758457,26 Years and 7 Months,No,18.816214573128885,104.291825168246,Low_spent_Small_value_payments,470.69062692529184,Standard
0x160f,CUS_0x21b1,February,Rick Rothackerj,28,004-07-5839,Teacher,34847.84,3037.986666666666,2,4,6,1,Credit-Builder Loan,7,1,7.42,2.0,Good,605.03,38.550848433956325,26 Years and 8 Months,No,18.816214573128885,40.39123782853101,High_spent_Large_value_payments,484.5912142650067,Good
0x1610,CUS_0x21b1,March,Rick Rothackerj,28,004-07-5839,Teacher,34847.84_,3037.986666666666,2,1385,6,1,Credit-Builder Loan,3,-1,5.42,2.0,_,605.03,33.22495078663659,26 Years and 9 Months,No,18.816214573128885,58.51597569589465,High_spent_Large_value_payments,466.46647639764313,Standard
0x1611,CUS_0x21b1,April,Rick Rothackerj,28,004-07-5839,Teacher,34847.84,,2,4,6,1,Credit-Builder Loan,3,3_,5.42,2.0,Good,605.03,39.18265565546884,26 Years and 10 Months,No,18.816214573128885,99.30622796053305,Low_spent_Medium_value_payments,465.6762241330048,Good
0x1612,CUS_0x21b1,May,Rick Rothackerj,28,004-07-5839,Teacher,34847.84,3037.986666666666,2,4,6,1,Credit-Builder Loan,3,1,6.42,2.0,Good,605.03,34.97789474709241,26 Years and 11 Months,No,18.816214573128885,130.11542024292334,Low_spent_Small_value_payments,444.8670318506144,Good
0x1613,CUS_0x21b1,June,Rick Rothackerj,28,004-07-5839,Teacher,34847.84,3037.986666666666,2,4,6,1,Credit-Builder Loan,3,0,5.42,2.0,Good,605.03,33.38101020065065,27 Years and 0 Months,No,18.816214573128885,43.477190144355745,High_spent_Large_value_payments,481.505261949182,Good
0x1614,CUS_0x21b1,July,Rick Rothackerj,28,004-07-5839,Teacher,34847.84,,2,4,6,1,Credit-Builder Loan,3,4,5.42,2.0,Good,605.03,31.131701611553307,27 Years and 1 Months,NM,18.816214573128885,70.10177420755677,High_spent_Medium_value_payments,464.8806778859809,Good
0x1615,CUS_0x21b1,August,Rick Rothackerj,28,004-07-5839,Teacher,34847.84,3037.986666666666,2,4,6,1,Credit-Builder Loan,3,4,5.42,2.0,Good,605.03,32.933856293622235,27 Years and 2 Months,No,18.816214573128885,218.90434353388733,Low_spent_Small_value_payments,356.07810855965045,Good
0x161a,CUS_0x2dbc,January,Langep,34,486-85-3974,_______,143162.64,12187.22,1,5,8,3,"Auto Loan, Auto Loan, and Not Specified",5,8,7.1,3.0,Good,1303.01,28.616734823006844,17 Years and 9 Months,No,246.9923194537421,168.413702679309,!@9#%8,1043.3159778669492,Good
0x161b,CUS_0x2dbc,February,,34,486-85-3974,Engineer,143162.64,12187.22,1,5,8,3,"Auto Loan, Auto Loan, and Not Specified",13,6,7.1,3.0,Good,1303.01,41.70257342393906,17 Years and 10 Months,No,246.9923194537421,232.86038375993544,High_spent_Small_value_payments,998.8692967863226,Good
0x161c,CUS_0x2dbc,March,Langep,34,486-85-3974,_______,143162.64,,1,5,8,3,"Auto Loan, Auto Loan, and Not Specified",8,7,11.1,,Good,1303.01,26.519815391546498,17 Years and 11 Months,No,246.9923194537421,__10000__,High_spent_Small_value_payments,715.741367403555,Good
0x161d,CUS_0x2dbc,April,Langep,34,486-85-3974,Engineer,143162.64,12187.22,1,5,8,3,"Auto Loan, Auto Loan, and Not Specified",8,5,9.1,3.0,_,1303.01,39.50164810812735,NA,No,246.9923194537421,825.2162699393922,Low_spent_Medium_value_payments,426.5134106068658,Good
0x161e,CUS_0x2dbc,May,Langep,34,486-85-3974,_______,143162.64,12187.22,1,5,8,3,"Auto Loan, Auto Loan, and Not Specified",10,5,7.1,3.0,Good,1303.01,31.37614957421204,18 Years and 1 Months,No,246.9923194537421,430.9475278803298,Low_spent_Large_value_payments,810.7821526659284,Good
0x161f,CUS_0x2dbc,June,Langep,34,486-85-3974,Engineer,143162.64,12187.22,1,5,8,967,"Auto Loan, Auto Loan, and Not Specified",8,6,7.1,3.0,Good,1303.01,39.783993458021186,18 Years and 2 Months,No,246.9923194537421,257.80809942568976,High_spent_Medium_value_payments,963.9215811205684,Good
0x1620,CUS_0x2dbc,July,,34,486-85-3974,Engineer,143162.64,12187.22,1,5,8,3,"Auto Loan, Auto Loan, and Not Specified",8,6,7.1,3.0,Good,1303.01,38.068623627698585,18 Years and 3 Months,No,246.9923194537421,263.17416316163934,High_spent_Small_value_payments,968.5555173846187,Standard
0x1621,CUS_0x2dbc,August,Langep,34,486-85-3974,Engineer,143162.64,12187.22,1,5,8,3,"Auto Loan, Auto Loan, and Not Specified",8,6,7.1,3.0,Good,1303.01,38.37475294778511,18 Years and 4 Months,No,246.9923194537421,__10000__,High_spent_Small_value_payments,895.494583180492,Standard
0x1626,CUS_0xb891,January,Jasond,54,072-31-6145,Entrepreneur,30689.89,2612.4908333333333,2,5,4,1,Not Specified,0,6,1.99,4.0,Good,632.46,26.54422872407309,17 Years and 3 Months,No,16.415451659824875,81.22885871073616,Low_spent_Large_value_payments,433.6047729627723,Standard
0x1627,CUS_0xb891,February,Jasond,54,072-31-6145,Entrepreneur,30689.89,2612.4908333333333,2,5,4,1,Not Specified,5,3,1.99,4.0,Good,632.46,35.279981779008544,17 Years and 4 Months,No,16.415451659824875,124.88181990234848,Low_spent_Small_value_payments,409.95181177115995,Standard
0x1628,CUS_0xb891,March,Jasond,55,072-31-6145,Entrepreneur,30689.89,2612.4908333333333,2,5,4,1,Not Specified,3,9,1.99,4.0,Good,632.46,32.30116343180253,17 Years and 5 Months,NM,16.415451659824875,83.40650880252501,High_spent_Medium_value_payments,411.42712287098345,Standard
0x1629,CUS_0xb891,April,Jasond,55,072-31-6145,Entrepreneur,30689.89_,2612.4908333333333,2,5,4,1,Not Specified,7,6,-2.01,4.0,Good,632.46,38.132348192570056,17 Years and 6 Months,No,16.415451659824875,272.3340373956682,Low_spent_Small_value_payments,262.4995942778403,Standard
0x162a,CUS_0xb891,May,Jasond,55,072-31-6145,Entrepreneur,30689.89,2612.4908333333333,2,5,4,1,Not Specified,5,6,-1.01,4.0,Good,632.46,41.15431654696947,17 Years and 7 Months,No,16.415451659824875,__10000__,Low_spent_Large_value_payments,359.37491550776383,Standard
0x162b,CUS_0xb891,June,Jasond,55,#F%$D@*&8,_______,30689.89,2612.4908333333333,2,5,4,1,Not Specified,5,6,-3.01,4.0,_,632.46,27.4454217928553,17 Years and 8 Months,No,16.415451659824875,84.95284817115969,High_spent_Small_value_payments,419.8807835023488,Standard
0x162c,CUS_0xb891,July,Jasond,55,072-31-6145,Entrepreneur,30689.89,2612.4908333333333,2,5,4,1,Not Specified,5,,1.99,4.0,Good,632.46,26.05639527857161,17 Years and 9 Months,No,16.415451659824875,71.28367488286933,Low_spent_Large_value_payments,443.5499567906391,Standard
0x162d,CUS_0xb891,August,Jasond,55,072-31-6145,Entrepreneur,30689.89,2612.4908333333333,2,5,4,-100,Not Specified,4,9,1.99,4.0,Good,632.46,27.332514927554218,17 Years and 10 Months,No,16.415451659824875,125.61725053231268,High_spent_Small_value_payments,379.21638114119577,Standard
0x1632,CUS_0x1cdb,January,Deepaa,21,615-06-7821,Developer,35547.71_,2853.3091666666664,7,5,5,0,,5,,2.58,4.0,Standard,943.86,39.797764231999174,30 Years and 8 Months,Yes,0.0,276.72539431736266,!@9#%8,288.60552234930395,Standard
0x1633,CUS_0x1cdb,February,Deepaa,21,615-06-7821,Developer,35547.71,,7,5,5,0,,9,,2.58,4.0,Standard,943.86,27.02036025389693,30 Years and 9 Months,NM,0.0,74.44364104999623,High_spent_Medium_value_payments,460.88727561667037,Standard
0x1634,CUS_0x1cdb,March,Deepaa,21,615-06-7821,Developer,35547.71,2853.3091666666664,7,5,5,-100,,5,12,2.58,4.0,Standard,943.86,23.462303036448013,30 Years and 10 Months,Yes,0.0,173.13865100158367,Low_spent_Medium_value_payments,392.1922656650829,Standard
0x1635,CUS_0x1cdb,April,Deepaa,21,615-06-7821,Developer,35547.71,2853.3091666666664,7,5,5,0,,1,15,2.58,4.0,_,943.86,28.924953778098622,30 Years and 11 Months,Yes,0.0,96.78548508587444,High_spent_Medium_value_payments,438.5454315807922,Standard
0x1636,CUS_0x1cdb,May,Deepaa,21,615-06-7821,Developer,35547.71,2853.3091666666664,7,5,5,0,,9,17,2.58,4.0,_,943.86,41.77618715055719,31 Years and 0 Months,Yes,0.0,62.72327834435009,High_spent_Small_value_payments,482.6076383223166,Standard
0x1637,CUS_0x1cdb,June,Deepaa,21,615-06-7821,Developer,35547.71,,7,5,5,0_,,5,15,2.58,4.0,Standard,943.86,29.217556326688413,31 Years and 1 Months,Yes,0.0,37.64363788963997,High_spent_Medium_value_payments,497.6872787770267,Standard
0x1638,CUS_0x1cdb,July,Deepaa,21,615-06-7821,Developer,35547.71,2853.3091666666664,7,5,5,0,,10,15,2.58,4.0,Standard,943.86,26.263822692130155,31 Years and 2 Months,Yes,0.0,181.0119827315892,Low_spent_Small_value_payments,394.31893393507744,Standard
0x1639,CUS_0x1cdb,August,Deepaa,21,615-06-7821,Developer,35547.71,2853.3091666666664,7,5,5,-100,,1,15,2.58,4.0,Standard,943.86,25.86292247432155,31 Years and 3 Months,Yes,0.0,181.33090096186916,High_spent_Small_value_payments,364.00001570479753,Standard
0x163e,CUS_0x95ee,January,Np,31,612-70-8987,Lawyer,73928.46,,4,1288,8,0,,12,10,10.14,2.0,Good,548.2,39.96268501363903,NA,No,15015.0,98.67440994166124,High_spent_Large_value_payments,740.1960900583389,Good
0x163f,CUS_0x95ee,February,Np,31,612-70-8987,_______,73928.46,5988.705000000001,4,5,8,0,,8,7,10.14,2.0,Good,548.2,42.76986440325711,32 Years and 0 Months,NM,0.0,172.93921446875606,Low_spent_Medium_value_payments,705.931285531244,Good
0x1640,CUS_0x95ee,March,Np,31,612-70-8987,Lawyer,73928.46,5988.705000000001,4,5,8,0,,8,7,10.14,2.0,Good,548.2,40.712186529929596,NA,No,0.0,150.05973429800815,High_spent_Medium_value_payments,698.8107657019921,Good
0x1641,CUS_0x95ee,April,Np,31,612-70-8987,Lawyer,73928.46,5988.705000000001,4,5,8,0,,8,7,10.14,2.0,Good,548.2,30.201657705809275,32 Years and 2 Months,No,0.0,618.2023912505837,Low_spent_Small_value_payments,270.66810874941655,Good
0x1642,CUS_0x95ee,May,Np,31,612-70-8987,Lawyer,73928.46,5988.705000000001,4,5,5318,0,,11,7,10.14,2.0,_,548.2,26.333310426871012,32 Years and 3 Months,No,0.0,177.95183568608738,Low_spent_Large_value_payments,690.9186643139128,Good
0x1643,CUS_0x95ee,June,Np,31,612-70-8987,Lawyer,73928.46,5988.705000000001,4,5,8,0,,7,7,10.14,2.0,Good,548.2,35.2754365244368,NA,No,15515.0,235.79032503182026,Low_spent_Large_value_payments,633.0801749681799,Good
0x1644,CUS_0x95ee,July,Np,31,612-70-8987,Lawyer,73928.46,5988.705000000001,4,5,8,0,,8,4,9.14,2.0,_,548.2,36.624791261837636,32 Years and 5 Months,No,0.0,348.5093995125948,High_spent_Small_value_payments,510.36110048740534,Standard
0x1645,CUS_0x95ee,August,Np,31,612-70-8987,Lawyer,73928.46,5988.705000000001,4,5,8,0,,8,7,10.14,,Good,548.2,31.58098966831768,32 Years and 6 Months,No,0.0,42.63559025189578,!@9#%8,796.2349097481042,Good
0x164a,CUS_0x284a,January,Nadiaq,33,411-51-0676,Lawyer,131313.4,11242.783333333333,0,1,8,2,"Credit-Builder Loan, and Mortgage Loan",0,3,9.34,2.0,Good,352.16,32.200508995391914,30 Years and 7 Months,NM,137.6446054014217,378.1712535207537,High_spent_Medium_value_payments,858.462474411158,Good
0x164b,CUS_0x284a,February,Nadiaq,34,411-51-0676,Lawyer,131313.4,11242.783333333333,0,1,8,2,"Credit-Builder Loan, and Mortgage Loan",-1,2,15.34,4.0,Good,352.16,31.98371000755867,30 Years and 8 Months,No,137.6446054014217,698.8732707169384,High_spent_Small_value_payments,547.7604572149734,Good
0x164c,CUS_0x284a,March,Nadiaq,34,411-51-0676,Lawyer,131313.4,10469.207759388815,0,1,8,2,"Credit-Builder Loan, and Mortgage Loan",0,3,9.34,4.0,Good,352.16,31.803134495092273,30 Years and 9 Months,NM,911.2201793459374,188.06432109973838,High_spent_Large_value_payments,1038.5694068321734,Good
0x164d,CUS_0x284a,April,Nadiaq,34,#F%$D@*&8,Lawyer,131313.4,10469.207759388815,0,1,8,2,"Credit-Builder Loan, and Mortgage Loan",0,2,8.34,4.0,Good,352.16,42.64578489930634,30 Years and 10 Months,No,23834.0,337.43495631738324,High_spent_Medium_value_payments,899.1987716145285,Good
0x164e,CUS_0x284a,May,Nadiaq,34,411-51-0676,Lawyer,131313.4,10469.207759388815,0,1,8,2,"Credit-Builder Loan, and Mortgage Loan",0,4,9.34,4.0,Good,352.16,40.902517150451615,30 Years and 11 Months,No,32662.0,263.3789089320552,High_spent_Large_value_payments,963.2548189998564,Good
0x164f,CUS_0x284a,June,Nadiaq,34,411-51-0676,Lawyer,131313.4,,0,1,8,-100,"Credit-Builder Loan, and Mortgage Loan",0,3_,11.34,4.0,Good,352.16,41.98016961054943,31 Years and 0 Months,No,911.2201793459374,86.56638801207531,High_spent_Large_value_payments,1140.0673399198365,Standard
0x1650,CUS_0x284a,July,Nadiaq,34_,#F%$D@*&8,Lawyer,10909427.0,,0,1,8,2,"Credit-Builder Loan, and Mortgage Loan",0,2_,9.34,4.0,Good,352.16,26.947565152239882,31 Years and 1 Months,No,911.2201793459374,930.3918977796665,!@9#%8,326.24183015224526,Good
0x1651,CUS_0x284a,August,Nadiaq,34,411-51-0676,Lawyer,131313.4,10469.207759388815,0,1,8,2,"Credit-Builder Loan, and Mortgage Loan",0,2,9.34,4.0,Good,352.16,29.187912654166695,31 Years and 2 Months,No,911.2201793459374,870.52238171816,Low_spent_Medium_value_payments,396.1113462137519,Good
0x1656,CUS_0x5407,January,Annk,7580,500-92-6408,Media_Manager,34081.38_,,8,7,15,3,"Not Specified, Auto Loan, and Student Loan",30,11,17.13,5.0,Standard,1704.18,24.448062746255477,NA,NM,70.47833267207261,162.4410091967751,Low_spent_Large_value_payments,298.19215813115227,Poor
0x1657,CUS_0x5407,February,Annk,30,500-92-6408,Media_Manager,34081.38,2611.115,8,7,15,3,"Not Specified, Auto Loan, and Student Loan",30,14,17.13,5.0,_,1704.18,35.171160021263034,14 Years and 8 Months,Yes,70.47833267207261,38.4369827577036,High_spent_Large_value_payments,392.19618457022375,Poor
0x1658,CUS_0x5407,March,Annk,30_,500-92-6408,Media_Manager,34081.38,,8,7,15,3,"Not Specified, Auto Loan, and Student Loan",31,14,17.13,5.0,Standard,1704.18,35.11155247196594,14 Years and 9 Months,Yes,70.47833267207261,199.7207654954979,Low_spent_Large_value_payments,260.9124018324295,Poor
0x1659,CUS_0x5407,April,Annk,30,500-92-6408,_______,34081.38,2611.115,8,7,15,3,"Not Specified, Auto Loan, and Student Loan",34,14,21.13,5.0,_,1704.18,29.76215930632113,14 Years and 10 Months,Yes,70.47833267207261,220.55219192916718,Low_spent_Small_value_payments,260.0809753987602,Poor
0x165a,CUS_0x5407,May,Annk,30,500-92-6408,_______,34081.38,2611.115,8,7,15,3,"Not Specified, Auto Loan, and Student Loan",27,14,17.13,5.0,_,1704.18,30.206214222610893,14 Years and 11 Months,Yes,70.47833267207261,,High_spent_Large_value_payments,397.2283547370202,Standard
0x165b,CUS_0x5407,June,Annk,30,500-92-6408,Media_Manager,34081.38,2611.115,8,7,15,-100,"Not Specified, Auto Loan, and Student Loan",30,14,18.13,5.0,Standard,1704.18,31.17087232096111,15 Years and 0 Months,Yes,70.47833267207261,,!@9#%8,410.6743660782873,Standard
0x165c,CUS_0x5407,July,Annk,30,500-92-6408,Media_Manager,34081.38,,8,7,15,3,"Not Specified, Auto Loan, and Student Loan",30,11,17.13,5.0,Standard,1704.18,38.438505084064886,15 Years and 1 Months,NM,70.47833267207261,55.45978063925893,High_spent_Small_value_payments,395.17338668866836,Standard
0x165d,CUS_0x5407,August,Annk,30,500-92-6408,Media_Manager,34081.38,2611.115,8,7,15,3,"Not Specified, Auto Loan, and Student Loan",30,14,17.13,9.0,_,1704.18,33.82348834412097,15 Years and 2 Months,Yes,70.47833267207261,29.32636371091455,High_spent_Medium_value_payments,411.3068036170128,Poor
0x1662,CUS_0x4157,January,,23,070-19-1622,Doctor,114838.41,9843.8675,2,5,7,-100,"Personal Loan, Debt Consolidation Loan, and Auto Loan",13,11,8.24,3.0,Good,1377.74,33.66455429077268,21 Years and 4 Months,No,226.89279192154316,215.19351594560425,High_spent_Small_value_payments,802.3004421328528,Good
0x1663,CUS_0x4157,February,Charlie Zhur,23,070-19-1622,Doctor,114838.41,9843.8675,2,5,7,3,"Personal Loan, Debt Consolidation Loan, and Auto Loan",14,8,_,3.0,Good,1377.74,27.626325486769638,21 Years and 5 Months,NM,226.89279192154316,212.23560220847847,High_spent_Large_value_payments,785.2583558699787,Good
0x1664,CUS_0x4157,March,Charlie Zhur,23,070-19-1622,Doctor,114838.41_,,2,5,7,3,"Personal Loan, Debt Consolidation Loan, and Auto Loan",11,11,_,3.0,Good,1377.74,35.14156730186042,21 Years and 6 Months,NM,226.89279192154316,470.3857956796373,High_spent_Small_value_payments,547.1081623988198,Good
0x1665,CUS_0x4157,April,Charlie Zhur,23,070-19-1622,Doctor,114838.41,,2,5,7,3,"Personal Loan, Debt Consolidation Loan, and Auto Loan",11,14,8.24,8.0,Good,1377.74,30.4590318418306,21 Years and 7 Months,No,226.89279192154316,225.08204945419,!@9#%8,772.411908624267,Good
0x1666,CUS_0x4157,May,Charlie Zhur,23,070-19-1622,Doctor,114838.41,9843.8675,2,5,7,3,"Personal Loan, Debt Consolidation Loan, and Auto Loan",11,11,11.24,8.0,Good,1377.74,29.819186633421047,21 Years and 8 Months,No,226.89279192154316,649.8093641841638,High_spent_Small_value_payments,367.6845938942932,Standard
0x1667,CUS_0x4157,June,Charlie Zhur,24,070-19-1622,Doctor,114838.41,9843.8675,2,5,7,3,"Personal Loan, Debt Consolidation Loan, and Auto Loan",13,14,8.24,8.0,_,1377.74,26.114213868949623,21 Years and 9 Months,NM,226.89279192154316,546.3805705230692,!@9#%8,491.11338755538793,Good
0x1668,CUS_0x4157,July,Charlie Zhur,24,070-19-1622,Doctor,114838.41,9843.8675,2,5,7,3,"Personal Loan, Debt Consolidation Loan, and Auto Loan",11,,8.24,8.0,Good,1377.74,31.76751564697107,21 Years and 10 Months,No,226.89279192154316,215.4682977385688,High_spent_Medium_value_payments,792.0256603398883,Good
0x1669,CUS_0x4157,August,Charlie Zhur,24_,070-19-1622,Doctor,114838.41,9843.8675,2,5,7,3,"Personal Loan, Debt Consolidation Loan, and Auto Loan",11,11,8.24,8.0,Good,1377.74,27.813353640375272,21 Years and 11 Months,No,226.89279192154316,254.57176724837916,High_spent_Large_value_payments,742.9221908300779,Standard
0x166e,CUS_0xba08,January,Jamesj,44,366-68-1681,Journalist,31370.8,2825.233333333333,0,5,12,2,"Not Specified, and Payday Loan",4,0,5.76,2.0,Good,421.43,29.51935255713933,NA,NM,46.616129073342066,154.352781097101,High_spent_Small_value_payments,341.55442316289026,Good
0x166f,CUS_0xba08,February,Jamesj,44,366-68-1681,Journalist,31370.8,2825.233333333333,1,6,12,2,"Not Specified, and Payday Loan",2,0,-1.2400000000000002,2.0,Good,421.43,28.22048095698559,26 Years and 6 Months,No,46.616129073342066,298.7444693112266,Low_spent_Small_value_payments,227.1627349487646,Good
0x1670,CUS_0xba08,March,Jamesj,44,366-68-1681,Journalist,31370.8,2825.233333333333,1,6,12,2,"Not Specified, and Payday Loan",-2,0,1.7599999999999998,5.0,Good,421.43,31.04641790511995,26 Years and 7 Months,No,46.616129073342066,140.8206959818371,Low_spent_Medium_value_payments,375.0865082781542,Good
0x1671,CUS_0xba08,April,Jamesj,44,366-68-1681,Journalist,31370.8,2825.233333333333,1,6,12,2,"Not Specified, and Payday Loan",1,0,5.76,5.0,_,421.43,30.168030403669402,26 Years and 8 Months,No,46.616129073342066,233.6055264233428,Low_spent_Small_value_payments,292.3016778366485,Good
0x1672,CUS_0xba08,May,Jamesj,44,366-68-1681,Journalist,31370.8,2825.233333333333,1,6,12,2,"Not Specified, and Payday Loan",1,0,5.76,5.0,_,421.43,25.18923173183331,26 Years and 9 Months,No,16415.0,184.70057162057685,Low_spent_Small_value_payments,341.20663263941435,Good
0x1673,CUS_0xba08,June,Jamesj,44,366-68-1681,Journalist,31370.8,2825.233333333333,1,6,12,2,"Not Specified, and Payday Loan",1,0,5.76,5.0,Good,421.43,25.502468550245663,NA,No,46.616129073342066,137.71742489512621,Low_spent_Medium_value_payments,378.18977936486505,Good
0x1674,CUS_0xba08,July,Jamesj,45,366-68-1681,Journalist,31370.8,2825.233333333333,1,6,12,-100,"Not Specified, and Payday Loan",-1,2,5.76,5.0,Good,421.43,22.762202172732568,26 Years and 11 Months,No,46.616129073342066,188.3949004901688,Low_spent_Small_value_payments,337.51230376982244,Good
0x1675,CUS_0xba08,August,Jamesj,45,366-68-1681,Journalist,31370.8,,1,6,12,2,"Not Specified, and Payday Loan",-2,2,5.76,5.0,_,421.43,37.56505276771999,27 Years and 0 Months,No,46.616129073342066,252.6448271968889,Low_spent_Small_value_payments,273.2623770631024,Good
0x167a,CUS_0xa66b,January,,40,221-30-8554,Teacher,33751.27,2948.605833333333,5,5,20,3_,"Credit-Builder Loan, Personal Loan, and Auto Loan",16,20,11.0,4.0,Standard,1328.93,37.08907564543987,19 Years and 2 Months,NM,65.00817428651536,117.30669710658556,High_spent_Medium_value_payments,362.54571194023237,Standard
0x167b,CUS_0xa66b,February,Saphirj,40,221-30-8554,Teacher,33751.27,2948.605833333333,5,5,20,3,"Credit-Builder Loan, Personal Loan, and Auto Loan",16,20,11.0,4.0,Standard,1328.93,30.908080633467584,19 Years and 3 Months,Yes,65.00817428651536,70.13107792087979,High_spent_Large_value_payments,399.7213311259382,Standard
0x167c,CUS_0xa66b,March,Saphirj,40,221-30-8554,_______,33751.27,,5,5,20,3,"Credit-Builder Loan, Personal Loan, and Auto Loan",16,20,11.0,8.0,Standard,1328.93,38.03072168039317,19 Years and 4 Months,Yes,65.00817428651536,270.18258222151513,Low_spent_Large_value_payments,229.6698268253028,Standard
0x167d,CUS_0xa66b,April,Saphirj,40,221-30-8554,Teacher,33751.27,2948.605833333333,5,5,20,3,"Credit-Builder Loan, Personal Loan, and Auto Loan",17,22,11.0,8.0,Standard,1328.93,23.40441277698757,19 Years and 5 Months,Yes,65.00817428651536,25.192561910314712,High_spent_Large_value_payments,444.65984713650323,Standard
0x167e,CUS_0xa66b,May,Saphirj,40,221-30-8554,Teacher,33751.27,2948.605833333333,5,5,20,3_,"Credit-Builder Loan, Personal Loan, and Auto Loan",16,20,8.0,8.0,Standard,1328.93,29.073758182245705,19 Years and 6 Months,Yes,65.00817428651536,243.32968479530567,Low_spent_Small_value_payments,276.5227242515123,Standard
0x167f,CUS_0xa66b,June,Saphirj,40,221-30-8554,Teacher,33751.27,2948.605833333333,5,5,20,3,"Credit-Builder Loan, Personal Loan, and Auto Loan",16,20,11.0,8.0,Standard,1328.93,32.78263672653516,19 Years and 7 Months,Yes,65.00817428651536,72.86008181289458,High_spent_Medium_value_payments,406.9923272339233,Standard
0x1680,CUS_0xa66b,July,Saphirj,40,221-30-8554,Teacher,33751.27,2948.605833333333,5,5,20,3,"Credit-Builder Loan, Personal Loan, and Auto Loan",16,20,11.0,8.0,Standard,1328.93,35.58400504980836,19 Years and 8 Months,Yes,65.00817428651536,35.427169541683696,!@9#%8,444.4252395051343,Standard
0x1681,CUS_0xa66b,August,Saphirj,41,221-30-8554,Teacher,33751.27,2948.605833333333,5,5,20,3,"Credit-Builder Loan, Personal Loan, and Auto Loan",16,17,11.0,8.0,Standard,1328.93_,31.13948358493632,NA,Yes,65.00817428651536,25.969611914778515,High_spent_Large_value_payments,443.88279713203934,Standard
0x1686,CUS_0xc0ab,January,Soyoungd,32,342-90-2649,Engineer,88640.24,7266.686666666667,3,6,1,2,"Payday Loan, and Payday Loan",-1,0,3.51,3.0,Good,950.36,28.210617211444603,25 Years and 5 Months,No,135.17337097171767,98.93176402067013,High_spent_Large_value_payments,732.563531674279,Standard
0x1687,CUS_0xc0ab,February,Soyoungd,33_,342-90-2649,Engineer,88640.24,7266.686666666667,3,6,433,2,"Payday Loan, and Payday Loan",4,2,3.51,3.0,Good,950.36,41.036168282350594,25 Years and 6 Months,NM,135.17337097171767,157.174788304235,High_spent_Large_value_payments,674.3205073907143,Good
0x1688,CUS_0xc0ab,March,Soyoungd,33,342-90-2649,Engineer,88640.24,7266.686666666667,3,6,1,2,"Payday Loan, and Payday Loan",4,0,3.51,3.0,Good,950.36,34.670194379227716,25 Years and 7 Months,No,135.17337097171767,298.1889114624804,High_spent_Medium_value_payments,543.3063842324688,Standard
0x1689,CUS_0xc0ab,April,Soyoungd,33,342-90-2649,Engineer,88640.24,7266.686666666667,3,6,1,2,"Payday Loan, and Payday Loan",4,2,3.51,3.0,Good,950.36,31.828535574846637,25 Years and 8 Months,No,135.17337097171767,,Low_spent_Small_value_payments,86.63611982901625,Standard
0x168a,CUS_0xc0ab,May,Soyoungd,33,342-90-2649,Engineer,88640.24,7266.686666666667,3,6,1,2,"Payday Loan, and Payday Loan",4,2,3.51,3.0,Good,950.36,34.702836927947075,25 Years and 9 Months,No,135.17337097171767,279.61862207772435,High_spent_Medium_value_payments,561.8766736172248,Good
0x168b,CUS_0xc0ab,June,Soyoungd,33,342-90-2649,Engineer,88640.24,7266.686666666667,3,6,1,2,"Payday Loan, and Payday Loan",4,0,3.51,3.0,Good,950.36,38.32363895436978,25 Years and 10 Months,No,135.17337097171767,686.1262165951837,Low_spent_Small_value_payments,195.36907909976551,Good
0x168c,CUS_0xc0ab,July,Soyoungd,33,342-90-2649,Engineer,88640.24_,,3,6,1,2_,"Payday Loan, and Payday Loan",4,2,3.51,3.0,_,950.36,25.979172803961486,25 Years and 11 Months,No,80357.0,164.0748218779106,High_spent_Large_value_payments,667.4204738170387,Good
0x168d,CUS_0xc0ab,August,Soyoungd,33,342-90-2649,Engineer,88640.24,7266.686666666667,3,6,1,2,"Payday Loan, and Payday Loan",-1,,3.51,3.0,Good,950.36,30.87079911079545,26 Years and 0 Months,No,135.17337097171767,98.44195128223792,High_spent_Large_value_payments,733.0533444127112,Good
0x1692,CUS_0x3e45,January,Harriet McLeodd,35,414-53-2918,Entrepreneur,54392.16,4766.68,6,4,14,3,"Not Specified, Student Loan, and Personal Loan",10,8,5.54,3.0,Standard,179.22,25.649246067243414,26 Years and 10 Months,Yes,124.39208242092043,243.73543739209438,Low_spent_Large_value_payments,378.54048018698535,Standard
0x1693,CUS_0x3e45,February,Harriet McLeodd,35_,414-53-2918,Entrepreneur,54392.16,4766.68,6,4,14,3,"Not Specified, Student Loan, and Personal Loan",10,10,4.54,3.0,Standard,179.22,29.40877527612245,26 Years and 11 Months,Yes,124.39208242092043,142.75186411942676,High_spent_Medium_value_payments,459.52405345965286,Standard
0x1694,CUS_0x3e45,March,Harriet McLeodd,35,#F%$D@*&8,Entrepreneur,54392.16_,,6,4,14,3,"Not Specified, Student Loan, and Personal Loan",15,11,5.54,3.0,_,179.22,31.25892846912917,27 Years and 0 Months,NM,124.39208242092043,33.349568589344514,High_spent_Large_value_payments,558.9263489897351,Standard
0x1695,CUS_0x3e45,April,Harriet McLeodd,35,414-53-2918,Entrepreneur,54392.16,4766.68,6,4,14,3,"Not Specified, Student Loan, and Personal Loan",10,7,0.54,3.0,Standard,179.22,27.192587405326012,27 Years and 1 Months,Yes,124.39208242092043,494.8422277056662,Low_spent_Small_value_payments,147.43368987341347,Standard
0x1696,CUS_0x3e45,May,Harriet McLeodd,35,414-53-2918,Entrepreneur,54392.16,4766.68,6,4,14,3,"Not Specified, Student Loan, and Personal Loan",10,8,11.54,3.0,Standard,179.22,34.59532445612005,27 Years and 2 Months,Yes,124.39208242092043,233.1184454152274,Low_spent_Small_value_payments,409.15747216385233,Standard
0x1697,CUS_0x3e45,June,Harriet McLeodd,35,414-53-2918,Entrepreneur,54392.16,4766.68,6,4,14,3,"Not Specified, Student Loan, and Personal Loan",10,8,5.54,3.0,_,179.22,23.195025404792624,27 Years and 3 Months,Yes,124.39208242092043,635.1465605054178,Low_spent_Small_value_payments,7.129357073661937,Standard
0x1698,CUS_0x3e45,July,Harriet McLeodd,36,414-53-2918,Entrepreneur,54392.16,4766.68,6,4,14,3,"Not Specified, Student Loan, and Personal Loan",10,8,5.54,7.0,Standard,179.22,35.112531991297786,27 Years and 4 Months,Yes,124.39208242092043,158.11240346721374,Low_spent_Large_value_payments,464.1635141118658,Standard
0x1699,CUS_0x3e45,August,Harriet McLeodd,36,414-53-2918,Entrepreneur,54392.16,4766.68,6,4,14,3,"Not Specified, Student Loan, and Personal Loan",10,8,5.54,7.0,Standard,179.22,32.8788050668308,27 Years and 5 Months,Yes,124.39208242092043,495.1178978821161,Low_spent_Small_value_payments,147.15801969696355,Standard
0x169e,CUS_0x6c66,January,Sinead Carews,39,328-33-6328,Manager,8701.545,,6,5,32,7,"Personal Loan, Payday Loan, Student Loan, Auto Loan, Home Equity Loan, Student Loan, and Payday Loan",23,9,8.86,6.0,_,2602.69,24.523163853918167,8 Years and 11 Months,Yes,36.54819717138717,13.066209919444336,Low_spent_Large_value_payments,272.2984679091685,Poor
0x169f,CUS_0x6c66,February,Sinead Carews,39,328-33-6328,Manager,8701.545,519.12875,6,5,32,7,"Personal Loan, Payday Loan, Student Loan, Auto Loan, Home Equity Loan, Student Loan, and Payday Loan",23,9,8.86,6.0,Standard,2602.69,39.90251759709182,9 Years and 0 Months,Yes,36.54819717138717,34.71516393565097,Low_spent_Large_value_payments,250.64951389296183,Poor
0x16a0,CUS_0x6c66,March,Sinead Carews,39,328-33-6328,Manager,8701.545_,519.12875,6,5,32,7,"Personal Loan, Payday Loan, Student Loan, Auto Loan, Home Equity Loan, Student Loan, and Payday Loan",23,,8.86,6.0,Standard,2602.69,36.47591386327275,9 Years and 1 Months,NM,36.54819717138717,45.6509755447516,Low_spent_Large_value_payments,239.71370228386124,Poor
0x16a1,CUS_0x6c66,April,Sinead Carews,39,328-33-6328,Manager,8701.545,519.12875,6,5,32,7,"Personal Loan, Payday Loan, Student Loan, Auto Loan, Home Equity Loan, Student Loan, and Payday Loan",22,7,8.86,6.0,Standard,2602.69,32.09749227865355,9 Years and 2 Months,Yes,36.54819717138717,20.390183876957128,Low_spent_Small_value_payments,284.9744939516557,Poor
0x16a2,CUS_0x6c66,May,Sinead Carews,39,328-33-6328,Manager,8701.545,519.12875,6,5,32,7,"Personal Loan, Payday Loan, Student Loan, Auto Loan, Home Equity Loan, Student Loan, and Payday Loan",22,9,8.86,6.0,Standard,2602.69,37.169374491816356,9 Years and 3 Months,Yes,36.54819717138717,50.486952198712274,Low_spent_Small_value_payments,254.87772562990054,Poor
0x16a3,CUS_0x6c66,June,,39,328-33-6328,Manager,8701.545,519.12875,6,5,32,7,"Personal Loan, Payday Loan, Student Loan, Auto Loan, Home Equity Loan, Student Loan, and Payday Loan",23,6,_,6.0,Standard,2602.69,28.570031407996353,9 Years and 4 Months,Yes,36.54819717138717,52.931613407134115,Low_spent_Medium_value_payments,242.43306442147872,Poor
0x16a4,CUS_0x6c66,July,,39,328-33-6328,Manager,8701.545,,6,5,32,7,"Personal Loan, Payday Loan, Student Loan, Auto Loan, Home Equity Loan, Student Loan, and Payday Loan",21,9,_,9.0,Standard,2602.69,38.46541540543407,NA,Yes,36.54819717138717,30.471806299271933,Low_spent_Medium_value_payments,264.8928715293409,Poor
0x16a5,CUS_0x6c66,August,Sinead Carews,39,328-33-6328,Manager,8701.545_,519.12875,6,5,32,7,"Personal Loan, Payday Loan, Student Loan, Auto Loan, Home Equity Loan, Student Loan, and Payday Loan",23,9,8.86,9.0,Standard,2602.69,28.815537059010616,9 Years and 6 Months,NM,36.54819717138717,,Low_spent_Small_value_payments,264.7720511316515,Poor
0x16aa,CUS_0xff4,January,Poornimaf,36,655-05-7666,Entrepreneur,25546.26,2415.855,8,7,14,5,"Not Specified, Student Loan, Student Loan, Credit-Builder Loan, and Auto Loan",16,14,7.83,5.0,Standard,758.44,37.41820916883601,18 Years and 2 Months,NM,101.3286373638512,53.104599112612064,High_spent_Medium_value_payments,337.1522635235368,Standard
0x16ab,CUS_0xff4,February,,-500,655-05-7666,Entrepreneur,25546.26,,8,7,14,5,"Not Specified, Student Loan, Student Loan, Credit-Builder Loan, and Auto Loan",16,13,7.83,,Standard,758.44,29.711375540929513,18 Years and 3 Months,Yes,101.3286373638512,300.32323168069064,Low_spent_Small_value_payments,129.9336309554582,Standard
0x16ac,CUS_0xff4,March,Poornimaf,37,655-05-7666,Entrepreneur,25546.26,2415.855,8,7,14,5,"Not Specified, Student Loan, Student Loan, Credit-Builder Loan, and Auto Loan",16,10,7.83,5.0,Standard,758.44,25.413616742350907,18 Years and 4 Months,Yes,101.3286373638512,91.21658676189335,Low_spent_Large_value_payments,319.0402758742555,Standard
0x16ad,CUS_0xff4,April,Poornimaf,37,655-05-7666,Entrepreneur,25546.26_,2415.855,8,7,14,5,"Not Specified, Student Loan, Student Loan, Credit-Builder Loan, and Auto Loan",16,10,7.83,,Standard,758.44,35.946278218900645,18 Years and 5 Months,Yes,101.3286373638512,83.7147504914459,High_spent_Medium_value_payments,306.54211214470297,Standard
0x16ae,CUS_0xff4,May,Poornimaf,37,655-05-7666,Entrepreneur,25546.26,2415.855,8,7,14,5,"Not Specified, Student Loan, Student Loan, Credit-Builder Loan, and Auto Loan",16,13,7.83,5.0,_,758.44,28.2774200145778,18 Years and 6 Months,Yes,101.3286373638512,311.99934746655674,Low_spent_Small_value_payments,118.2575151695921,Standard
0x16af,CUS_0xff4,June,Poornimaf,37,655-05-7666,Entrepreneur,25546.26,2415.855,8,7,14,5,"Not Specified, Student Loan, Student Loan, Credit-Builder Loan, and Auto Loan",16,10,7.83,5.0,_,758.44,34.58659948959524,NA,Yes,101.3286373638512,61.7307484719951,High_spent_Small_value_payments,338.52611416415374,Standard
0x16b0,CUS_0xff4,July,Poornimaf,37,655-05-7666,Entrepreneur,25546.26,2415.855,8,7,14,5,"Not Specified, Student Loan, Student Loan, Credit-Builder Loan, and Auto Loan",16,14,10.83,5.0,Standard,758.44,30.099067241911712,18 Years and 8 Months,Yes,101.3286373638512,130.30039377019006,Low_spent_Small_value_payments,299.9564688659588,Standard
0x16b1,CUS_0xff4,August,Poornimaf,37,655-05-7666,Entrepreneur,25546.26,2415.855,8,7,14,5_,"Not Specified, Student Loan, Student Loan, Credit-Builder Loan, and Auto Loan",15,13_,7.83,5.0,Standard,758.44,39.33348789822524,18 Years and 9 Months,Yes,101.3286373638512,189.81586133347676,Low_spent_Medium_value_payments,230.44100130267208,Standard
0x16b6,CUS_0x33d2,January,Chalmersa,30,965-46-2491,Scientist,31993.78,2942.148333333333,6,6,7,2,"Payday Loan, and Home Equity Loan",8,14,6.28,0.0,Standard,818.22,25.36959679239191,16 Years and 10 Months,Yes,45.14129822463578,81.99883505710139,Low_spent_Medium_value_payments,447.0747000515962,Standard
0x16b7,CUS_0x33d2,February,Chalmersa,30,965-46-2491,Scientist,31993.78,2942.148333333333,6,6,7,2,"Payday Loan, and Home Equity Loan",12,14,6.28,0.0,Standard,818.22,37.958569410003335,16 Years and 11 Months,Yes,45.14129822463578,__10000__,Low_spent_Small_value_payments,157.86980351234496,Standard
0x16b8,CUS_0x33d2,March,Chalmersa,181,965-46-2491,Scientist,31993.78,2942.148333333333,6,6,7,2,"Payday Loan, and Home Equity Loan",8,14,10.28,1.0,Standard,818.22,27.38010904580052,17 Years and 0 Months,Yes,45.14129822463578,264.25708850339777,Low_spent_Small_value_payments,274.8164466052998,Standard
0x16b9,CUS_0x33d2,April,Chalmersa,30_,965-46-2491,Scientist,31993.78,2942.148333333333,6,6,7,2,"Payday Loan, and Home Equity Loan",8,14,6.28,1.0,_,818.22,34.15826211876792,17 Years and 1 Months,Yes,45.14129822463578,152.4523258823164,Low_spent_Medium_value_payments,376.6212092263812,Standard
0x16ba,CUS_0x33d2,May,Chalmersa,30,965-46-2491,Scientist,31993.78,2942.148333333333,6,6,7,2,"Payday Loan, and Home Equity Loan",8,14_,6.28,1.0,Standard,818.22,30.788038803709785,17 Years and 2 Months,Yes,45.14129822463578,43.470408666891174,High_spent_Medium_value_payments,455.6031264418064,Standard
0x16bb,CUS_0x33d2,June,Chalmersa,31,965-46-2491,Scientist,31993.78,,6,6,7,2_,"Payday Loan, and Home Equity Loan",8,14,6.28,1.0,Standard,818.22,34.280968719435315,17 Years and 3 Months,Yes,45.14129822463578,112.7238874320964,High_spent_Small_value_payments,396.3496476766012,Standard
0x16bc,CUS_0x33d2,July,Chalmersa,31,965-46-2491,Scientist,31993.78,,6,6,7,-100,"Payday Loan, and Home Equity Loan",8,16,6.28,1.0,Standard,818.22,29.503454266447754,17 Years and 4 Months,Yes,45.14129822463578,104.55723619082673,High_spent_Small_value_payments,404.5162989178708,Standard
0x16bd,CUS_0x33d2,August,Chalmersa,31,#F%$D@*&8,Scientist,31993.78,2942.148333333333,6,6,7,2,"Payday Loan, and Home Equity Loan",8,16,6.28,1.0,Standard,818.22,36.012793772472094,17 Years and 5 Months,Yes,45.14129822463578,97.58820324481087,Low_spent_Large_value_payments,421.4853318638867,Standard
0x16c2,CUS_0x6070,January,Parkm,20,891-55-9364,Accountant,92047.08,,6,7,16,0,,16,11,9.13,0.0,Standard,1296.64,37.11561494309292,29 Years and 2 Months,Yes,0.0,154.6341231395093,!@9#%8,854.5248768604907,Standard
0x16c3,CUS_0x6070,February,,20,891-55-9364,Accountant,92047.08_,7591.59,6,7,16,0,,16,11,9.13,4.0,Standard,1296.64,39.46775837121139,29 Years and 3 Months,Yes,0.0,710.4953806729873,Low_spent_Medium_value_payments,328.66361932701284,Standard
0x16c4,CUS_0x6070,March,Parkm,20,891-55-9364,Accountant,92047.08,7591.59,6,7,16,0,,18,11,9.13,4.0,_,1296.64,27.792788363714145,29 Years and 4 Months,Yes,0.0,175.4456226582996,High_spent_Large_value_payments,823.7133773417005,Standard
0x16c5,CUS_0x6070,April,Parkm,20,891-55-9364,Accountant,92047.08,7591.59,6,7,16,0_,,16,11,9.13,4.0,Standard,1296.64,42.944681681740505,NA,Yes,0.0,120.90755376622221,High_spent_Large_value_payments,878.2514462337779,Poor
0x16c6,CUS_0x6070,May,Parkm,20,#F%$D@*&8,Accountant,92047.08,7591.59,6,7,16,0,,16,8,9.13,4.0,Standard,1296.64,34.3576502428514,29 Years and 6 Months,NM,0.0,78.71934549426288,High_spent_Large_value_payments,920.4396545057373,Poor
0x16c7,CUS_0x6070,June,Parkm,20,891-55-9364,Accountant,92047.08,7591.59,6,7,16,0,,16,13,13.13,4.0,Standard,1296.64,28.776937743887977,NA,Yes,0.0,266.5850272142179,Low_spent_Small_value_payments,782.5739727857823,Poor
0x16c8,CUS_0x6070,July,,20,891-55-9364,Accountant,92047.08,7591.59,6,7,16,0,,16,10,9.13,4.0,_,1296.64,40.75852163733138,29 Years and 8 Months,Yes,0.0,59.28557022863863,High_spent_Large_value_payments,939.8734297713614,Poor
0x16c9,CUS_0x6070,August,Parkm,20,891-55-9364,Accountant,92047.08,7591.59,6,7,16,0,,16,11,9.13,4.0,Standard,1296.64,27.727646781775498,29 Years and 9 Months,Yes,0.0,268.0846032992916,Low_spent_Large_value_payments,761.0743967007086,Poor
0x16ce,CUS_0xfdb,January,Patrickg,45,928-91-4452,Teacher,32284.62,2898.385,6,7,17,6,"Credit-Builder Loan, Not Specified, Mortgage Loan, Payday Loan, Credit-Builder Loan, and Personal Loan",11,12,9.22,8.0,Standard,1283.37,28.940892588545452,6 Years and 5 Months,Yes,103.03756035536594,254.86161508896942,Low_spent_Medium_value_payments,211.93932455566463,Standard
0x16cf,CUS_0xfdb,February,Patrickg,46,928-91-4452,Teacher,32284.62,2898.385,6,7,17,6,"Credit-Builder Loan, Not Specified, Mortgage Loan, Payday Loan, Credit-Builder Loan, and Personal Loan",11,12,9.22,8.0,Standard,1283.37,27.861310193113642,6 Years and 6 Months,Yes,103.03756035536594,103.21030741657007,Low_spent_Large_value_payments,353.59063222806395,Standard
0x16d0,CUS_0xfdb,March,Patrickg,46,928-91-4452,Teacher,32284.62,2898.385,6,7,17,6,"Credit-Builder Loan, Not Specified, Mortgage Loan, Payday Loan, Credit-Builder Loan, and Personal Loan",10,12,9.22,8.0,Standard,1283.37,27.88169704475605,6 Years and 7 Months,Yes,103.03756035536594,35.793568414159616,High_spent_Large_value_payments,391.00737123047446,Standard
0x16d1,CUS_0xfdb,April,Patrickg,46,928-91-4452,Teacher,32284.62,2898.385,6,7,17,6,"Credit-Builder Loan, Not Specified, Mortgage Loan, Payday Loan, Credit-Builder Loan, and Personal Loan",11,12,9.22,8.0,Standard,1283.37,38.39455822201335,6 Years and 8 Months,Yes,103.03756035536594,280.21825375922106,Low_spent_Small_value_payments,196.582685885413,Standard
0x16d2,CUS_0xfdb,May,Patrickg,46,928-91-4452,Teacher,32284.62,2898.385,6,7,17,6,"Credit-Builder Loan, Not Specified, Mortgage Loan, Payday Loan, Credit-Builder Loan, and Personal Loan",15,,8.22,10.0,_,1283.37,33.23978443489355,6 Years and 9 Months,Yes,103.03756035536594,154.0197492180297,High_spent_Small_value_payments,292.7811904266044,Standard
0x16d3,CUS_0xfdb,June,Patrickg,46,928-91-4452,Teacher,32284.62,2898.385,6,7,17,6,"Credit-Builder Loan, Not Specified, Mortgage Loan, Payday Loan, Credit-Builder Loan, and Personal Loan",11,12_,8.22,10.0,Standard,1283.37,26.874467413543886,6 Years and 10 Months,Yes,103.03756035536594,272.2735499123763,Low_spent_Small_value_payments,204.52738973225772,Standard
0x16d4,CUS_0xfdb,July,Patrickg,46,928-91-4452,Teacher,32284.62,2898.385,6,7,17,6,"Credit-Builder Loan, Not Specified, Mortgage Loan, Payday Loan, Credit-Builder Loan, and Personal Loan",7,,9.22,10.0,Standard,1283.37_,24.205533202276374,6 Years and 11 Months,Yes,103.03756035536594,__10000__,Low_spent_Small_value_payments,85.90209492602362,Standard
0x16d5,CUS_0xfdb,August,Patrickg,46,928-91-4452,Teacher,32284.62,2898.385,6,7,17,6,"Credit-Builder Loan, Not Specified, Mortgage Loan, Payday Loan, Credit-Builder Loan, and Personal Loan",13,12,2.2200000000000006,10.0,Standard,1283.37,27.930123710625228,7 Years and 0 Months,Yes,103.03756035536594,359.7718322852988,Low_spent_Small_value_payments,117.02910735933534,Standard
0x16da,CUS_0x3553,January,Laurence Frosty,26,084-25-3745,Musician,97791.42,8079.285,6,6,12,0_,,18,8,17.92,1.0,Standard,107.41,25.71557884311532,27 Years and 2 Months,Yes,0.0,451.24651936958776,Low_spent_Small_value_payments,646.6819806304122,Standard
0x16db,CUS_0x3553,February,Laurence Frosty,26,084-25-3745,Musician,97791.42,8079.285,6,6,12,0,,18,8,11.920000000000002,1.0,_,107.41,28.711202517052943,27 Years and 3 Months,Yes,0.0,322.7203197056673,Low_spent_Large_value_payments,755.2081802943327,Standard
0x16dc,CUS_0x3553,March,Laurence Frosty,26,084-25-3745,Musician,97791.42,8079.285,6,6,12,0,,18,7,17.92,1.0,_,107.41,34.92287233220604,27 Years and 4 Months,Yes,0.0,176.26422577485542,High_spent_Medium_value_payments,881.6642742251445,Standard
0x16dd,CUS_0x3553,April,Laurence Frosty,26,084-25-3745,Musician,97791.42,,6,6,12,0,,19,8,15.920000000000002,1.0,Standard,107.41,26.51363149248924,27 Years and 5 Months,Yes,629.8156531464217,499.24501998175833,Low_spent_Medium_value_payments,588.6834800182418,Good
0x16de,CUS_0x3553,May,Laurence Frosty,26,084-25-3745,Musician,97791.42,7449.469346853578,6,6,12,0,,18,,17.92,1.0,_,107.41,38.64911430691306,27 Years and 6 Months,Yes,629.8156531464217,77.60922833984066,High_spent_Large_value_payments,970.3192716601593,Good
0x16df,CUS_0x3553,June,Laurence Frosty,26,084-25-3745,Musician,97791.42,7449.469346853578,6,6,12,0,,16,8,17.92,1.0,Standard,107.41,44.676888593962104,27 Years and 7 Months,Yes,629.8156531464217,108.30393861997324,High_spent_Large_value_payments,939.6245613800266,Good
0x16e0,CUS_0x3553,July,Laurence Frosty,26,084-25-3745,Musician,97791.42,7449.469346853578,6,6,12,0,,18,8,13.920000000000002,1.0,Standard,107.41,28.807349824215013,27 Years and 8 Months,Yes,629.8156531464217,743.540801271909,!@9#%8,334.38769872809104,Standard
0x16e1,CUS_0x3553,August,Laurence Frosty,26,084-25-3745,Musician,97791.42_,7449.469346853578,6,6,12,0,,18,8,17.92,1.0,Standard,107.41,33.89444259920451,27 Years and 9 Months,Yes,629.8156531464217,110.31820362533672,High_spent_Medium_value_payments,947.6102963746632,Good
0x16e6,CUS_0x4100,January,Reema,31,068-83-4394,Entrepreneur,19300.34,1512.361666666667,6,7,17,5,"Mortgage Loan, Debt Consolidation Loan, Payday Loan, Auto Loan, and Not Specified",52,,9.95,7.0,Bad,2430.21,29.934185732751413,18 Years and 2 Months,Yes,49.57206224445275,79.17641583265376,Low_spent_Small_value_payments,312.48768858956015,Poor
0x16e7,CUS_0x4100,February,Reema,31,068-83-4394,Entrepreneur,19300.34,1512.361666666667,6,7,17,5,"Mortgage Loan, Debt Consolidation Loan, Payday Loan, Auto Loan, and Not Specified",51,18,9.95,7.0,Bad,2430.21,36.6412035787929,18 Years and 3 Months,NM,49.57206224445275,55.29821298839304,High_spent_Small_value_payments,306.3658914338209,Poor
0x16e8,CUS_0x4100,March,Reema,31,068-83-4394,Entrepreneur,19300.34,1512.361666666667,6,7,17,5,"Mortgage Loan, Debt Consolidation Loan, Payday Loan, Auto Loan, and Not Specified",48,19,15.95,7.0,_,2430.21,37.62486247304565,NA,Yes,49.57206224445275,140.81859591726788,Low_spent_Large_value_payments,230.84550850494603,Poor
0x16e9,CUS_0x4100,April,Reema,31,#F%$D@*&8,Entrepreneur,19300.34,1512.361666666667,6,7,17,5,"Mortgage Loan, Debt Consolidation Loan, Payday Loan, Auto Loan, and Not Specified",51,19,9.95,7.0,Bad,2430.21,28.870386917234462,18 Years and 5 Months,Yes,49.57206224445275,61.428029874778424,High_spent_Small_value_payments,300.23607454743546,Standard
0x16ea,CUS_0x4100,May,Reema,32,068-83-4394,Entrepreneur,19300.34,1512.361666666667,6,7,17,5,"Mortgage Loan, Debt Consolidation Loan, Payday Loan, Auto Loan, and Not Specified",51,19,9.95,7.0,Bad,2430.21,28.05884596384257,NA,Yes,49.57206224445275,173.0425507765921,Low_spent_Small_value_payments,218.62155364562184,Poor
0x16eb,CUS_0x4100,June,Reema,32,#F%$D@*&8,_______,19300.34,1512.361666666667,6,1029,17,5,"Mortgage Loan, Debt Consolidation Loan, Payday Loan, Auto Loan, and Not Specified",51,17,9.95,8.0,Bad,2430.21,25.84779062032988,18 Years and 7 Months,Yes,49.57206224445275,83.44744882880191,Low_spent_Large_value_payments,288.21665559341204,Poor
0x16ec,CUS_0x4100,July,Reema,32,068-83-4394,Entrepreneur,19300.34,,6,7,17,5_,"Mortgage Loan, Debt Consolidation Loan, Payday Loan, Auto Loan, and Not Specified",51,19,8.95,8.0,_,2430.21,25.84314493873217,18 Years and 8 Months,Yes,56566.0,120.9754898578697,Low_spent_Large_value_payments,250.68861456434425,Poor
0x16ed,CUS_0x4100,August,Reema,32,#F%$D@*&8,Entrepreneur,19300.34,1512.361666666667,6,7,17,5,"Mortgage Loan, Debt Consolidation Loan, Payday Loan, Auto Loan, and Not Specified",53,19,9.95,8.0,Bad,2430.21,23.70919322410504,18 Years and 9 Months,Yes,49.57206224445275,118.1855506983746,Low_spent_Medium_value_payments,263.4785537238393,Standard
0x16f2,CUS_0x132f,January,,41,#F%$D@*&8,Musician,19514.88,1828.24,7,5,17,0,,30,12,4.17,2.0,_,881.4,26.084542750932684,19 Years and 3 Months,NM,0.0,50.14372713919671,High_spent_Medium_value_payments,382.6802728608033,Standard
0x16f3,CUS_0x132f,February,Mark Felsenthald,41,561-60-9294,Musician,19514.88,1828.24,7,5,17,0,,30,14,4.17,2.0,_,881.4,25.665856781285065,19 Years and 4 Months,No,0.0,__10000__,High_spent_Large_value_payments,381.8960652385857,Standard
0x16f4,CUS_0x132f,March,,41,561-60-9294,Musician,19514.88,1828.24,7,5,17,0,,30,12,4.17,2.0,Standard,881.4,33.66946005394869,19 Years and 5 Months,No,0.0,43.315824459505386,High_spent_Medium_value_payments,389.5081755404946,Standard
0x16f5,CUS_0x132f,April,,41,561-60-9294,Musician,19514.88,1828.24,7,488,17,0,,30,12,4.17,2.0,Standard,881.4,34.503707241298585,19 Years and 6 Months,No,0.0,45.388820313894996,High_spent_Medium_value_payments,387.43517968610496,Poor
0x16f6,CUS_0x132f,May,Mark Felsenthald,41,561-60-9294,Musician,19514.88,,7,5,17,0,,30,,4.17,2.0,Standard,881.4,41.17638419789344,19 Years and 7 Months,No,0.0,168.34146287619103,Low_spent_Small_value_payments,304.48253712380904,Poor
0x16f7,CUS_0x132f,June,Mark Felsenthald,41,#F%$D@*&8,_______,19514.88,,7,5,17,0,,30,12,4.17,2.0,Standard,881.4,38.78807246113495,19 Years and 8 Months,No,0.0,151.3776397937309,Low_spent_Small_value_payments,321.4463602062691,Poor
0x16f8,CUS_0x132f,July,Mark Felsenthald,41,561-60-9294,Musician,19514.88,1828.24,7,5,17,0,,30,15,4.17,2.0,Standard,881.4,27.182482771287628,19 Years and 9 Months,No,0.0,184.63115997411617,Low_spent_Medium_value_payments,278.1928400258838,Poor
0x16f9,CUS_0x132f,August,Mark Felsenthald,41,561-60-9294,Musician,19514.88,,7,5,5240,0,,26,11,4.17,4.0,_,881.4,28.781887776659712,19 Years and 10 Months,No,0.0,99.1415414879628,High_spent_Small_value_payments,343.6824585120372,Poor
0x16fe,CUS_0xa16e,January,Lee Chyenz,41,905-50-7912,Media_Manager,10183.015,,7,5,17,5,"Credit-Builder Loan, Mortgage Loan, Mortgage Loan, Credit-Builder Loan, and Student Loan",48,,8.969999999999997,6.0,Bad,1672.43,25.951272885300533,10 Years and 1 Months,Yes,37.58807283812568,14.622739235117402,High_spent_Large_value_payments,295.2476462600903,Poor
0x16ff,CUS_0xa16e,February,Lee Chyenz,41,905-50-7912,Media_Manager,10183.015,1074.5845833333333,7,5,17,5,"Credit-Builder Loan, Mortgage Loan, Mortgage Loan, Credit-Builder Loan, and Student Loan",48,18,7.97,6.0,Bad,1672.43,32.38559762083814,10 Years and 2 Months,NM,37.58807283812568,92.36195001929579,Low_spent_Small_value_payments,267.5084354759118,Poor
0x1700,CUS_0xa16e,March,Lee Chyenz,41,905-50-7912,Media_Manager,10183.015,1074.5845833333333,7,5,17,5,"Credit-Builder Loan, Mortgage Loan, Mortgage Loan, Credit-Builder Loan, and Student Loan",48,23,7.97,6.0,Bad,1672.43,23.731347914755407,10 Years and 3 Months,Yes,37.58807283812568,91.88397193610828,Low_spent_Small_value_payments,267.9864135590994,Poor
0x1701,CUS_0xa16e,April,Lee Chyenz,41,905-50-7912,Media_Manager,10183.015,1074.5845833333333,7,5,17,5,"Credit-Builder Loan, Mortgage Loan, Mortgage Loan, Credit-Builder Loan, and Student Loan",43,20,7.97,6.0,_,1672.43,27.61417777754393,10 Years and 4 Months,Yes,37.58807283812568,46.8104157513052,High_spent_Small_value_payments,283.0599697439025,Standard
0x1702,CUS_0xa16e,May,Lee Chyenz,41,905-50-7912,Media_Manager,10183.015,1074.5845833333333,7,5,17,5,"Credit-Builder Loan, Mortgage Loan, Mortgage Loan, Credit-Builder Loan, and Student Loan",51,,7.97,6.0,Bad,1672.43,32.29348991062007,10 Years and 5 Months,Yes,37.58807283812568,65.83126164076859,!@9#%8,294.03912385443914,Poor
0x1703,CUS_0xa16e,June,Lee Chyenz,42,905-50-7912,_______,10183.015,1074.5845833333333,7,5,17,5,"Credit-Builder Loan, Mortgage Loan, Mortgage Loan, Credit-Builder Loan, and Student Loan",48,24,10.97,1050.0,Bad,1672.43,25.105402554318484,10 Years and 6 Months,Yes,37.58807283812568,73.89986104079846,Low_spent_Small_value_payments,285.9705244544092,Poor
0x1704,CUS_0xa16e,July,Lee Chyenz,42,905-50-7912,Media_Manager,10183.015,1074.5845833333333,7,5,17,5,"Credit-Builder Loan, Mortgage Loan, Mortgage Loan, Credit-Builder Loan, and Student Loan",52,21,7.97,6.0,_,1672.43,24.713823993258373,10 Years and 7 Months,Yes,37.58807283812568,61.863727578026115,Low_spent_Small_value_payments,298.00665791718154,Poor
0x1705,CUS_0xa16e,August,Lee Chyenz,42,905-50-7912,Media_Manager,10183.015_,1074.5845833333333,7,5,17,5,"Credit-Builder Loan, Mortgage Loan, Mortgage Loan, Credit-Builder Loan, and Student Loan",48,21,7.97,6.0,Bad,1672.43,36.83702882243363,10 Years and 8 Months,Yes,37.58807283812568,71.12274735436063,Low_spent_Small_value_payments,288.747638140847,Poor
0x170a,CUS_0xac86,January,,19,028-16-4402,Entrepreneur,106733.13,8873.4275,4,4,1,0,,10,8_,0.86,0.0,_,76.23,29.815895626895166,32 Years and 9 Months,No,0.0,388.36035366098815,Low_spent_Large_value_payments,768.9823963390119,Good
0x170b,CUS_0xac86,February,Nickb,20,028-16-4402,Entrepreneur,106733.13,8873.4275,4,4,1,0,,5,7,_,0.0,_,76.23,28.108086289939237,32 Years and 10 Months,No,0.0,807.2067768357648,Low_spent_Small_value_payments,370.1359731642354,Good
0x170c,CUS_0xac86,March,Nickb,20,#F%$D@*&8,Entrepreneur,106733.13,8873.4275,4,4,4975,0,,2,6,0.86,0.0,Good,76.23,42.070458602150005,32 Years and 11 Months,No,0.0,172.03282853259896,High_spent_Large_value_payments,955.3099214674013,Good
0x170d,CUS_0xac86,April,Nickb,20,028-16-4402,Entrepreneur,106733.13,,4,4,1,0,,5,7,-4.14,0.0,Good,76.23,25.84254793986021,33 Years and 0 Months,No,0.0,644.2873937406405,Low_spent_Large_value_payments,513.0553562593595,Good
0x170e,CUS_0xac86,May,Nickb,20,028-16-4402,Entrepreneur,106733.13_,8873.4275,4,4,1,-100,,5,6,0.86,0.0,Good,76.23,28.8205537792444,33 Years and 1 Months,No,0.0,345.60913541068396,High_spent_Medium_value_payments,791.733614589316,Good
0x170f,CUS_0xac86,June,Nickb,20,028-16-4402,Entrepreneur,106733.13,8873.4275,4,4,1,0,,5,6,-0.14,0.0,Good,76.23,31.72760359530652,NA,No,0.0,,High_spent_Medium_value_payments,913.0316546874346,Standard
0x1710,CUS_0xac86,July,Nickb,20,028-16-4402,Entrepreneur,106733.13,8873.4275,4,4,1,0,,9,4,0.86,1.0,_,76.23,43.6651184057441,NA,No,0.0,191.03537260177933,High_spent_Large_value_payments,936.3073773982209,Standard
0x1711,CUS_0xac86,August,,20,028-16-4402,Entrepreneur,106733.13,8873.4275,4,4,1,0,,7,6,0.86,1.0,Good,76.23,39.24363977621796,33 Years and 4 Months,No,0.0,384.7637247797149,!@9#%8,792.5790252202852,Standard
0x1716,CUS_0x5b48,January,,31_,706-95-0150,Lawyer,12600.445,782.0370833333334,5,5,10,-100,"Not Specified, Student Loan, and Student Loan",28,19,15.79,7.0,_,569.8,33.07588356651339,12 Years and 3 Months,Yes,26.060347529205966,0.0,High_spent_Large_value_payments,284.2982044805207,Standard
0x1717,CUS_0x5b48,February,McBrideq,31,706-95-0150,Lawyer,12600.445,782.0370833333334,5,5,10,-100,"Not Specified, Student Loan, and Student Loan",25,18,15.79,7.0,Standard,569.8,38.15374125597254,12 Years and 4 Months,Yes,26.060347529205966,103.15861791443639,Low_spent_Small_value_payments,238.98474288969098,Standard
0x1718,CUS_0x5b48,March,,31,706-95-0150,Lawyer,12600.445,782.0370833333334,5,5,10,3,"Not Specified, Student Loan, and Student Loan",25,16,15.79,7.0,Standard,569.8,23.17983273627976,12 Years and 5 Months,Yes,26.060347529205966,32.02630794260436,Low_spent_Small_value_payments,310.117052861523,Standard
0x1719,CUS_0x5b48,April,,32,706-95-0150,_______,12600.445,782.0370833333334,5,5,10,3,"Not Specified, Student Loan, and Student Loan",25,18,15.79,,Standard,569.8,28.819407058304,12 Years and 6 Months,Yes,33746.0,31.14919791081519,Low_spent_Medium_value_payments,300.9941628933122,Poor
0x171a,CUS_0x5b48,May,McBrideq,32,706-95-0150,Lawyer,12600.445_,782.0370833333334,5,5,10,3,"Not Specified, Student Loan, and Student Loan",20,19,15.79,7.0,Standard,569.8,37.24021434251173,12 Years and 7 Months,Yes,26.060347529205966,41.0826367012432,Low_spent_Small_value_payments,301.0607241028842,Poor
0x171b,CUS_0x5b48,June,McBrideq,32,706-95-0150,Lawyer,12600.445,782.0370833333334,5,5,10,3,"Not Specified, Student Loan, and Student Loan",25,19,15.79,7.0,Standard,569.8,36.52748004014412,12 Years and 8 Months,Yes,26.060347529205966,48.00806665619237,Low_spent_Small_value_payments,294.135294147935,Poor
0x171c,CUS_0x5b48,July,McBrideq,32,706-95-0150,Lawyer,12600.445,782.0370833333334,5,5,10,3,"Not Specified, Student Loan, and Student Loan",25,20,21.79,7.0,Standard,569.8,34.125305925956305,NA,Yes,26.060347529205966,56.908895859705574,Low_spent_Medium_value_payments,275.2344649444218,Poor
0x171d,CUS_0x5b48,August,,32,706-95-0150,Lawyer,12600.445,782.0370833333334,5,5,10,3,"Not Specified, Student Loan, and Student Loan",25,19,15.79,11.0,Standard,569.8,31.978873515820702,12 Years and 10 Months,Yes,26.060347529205966,66.37358000122424,Low_spent_Small_value_payments,275.76978080290314,Poor
0x1722,CUS_0xa5f9,January,Rickt,34,189-09-5267,Mechanic,57983.12,4720.926666666667,9,8,31,8,"Payday Loan, Not Specified, Credit-Builder Loan, Debt Consolidation Loan, Payday Loan, Not Specified, Student Loan, and Student Loan",47,19,7.27,12.0,Bad,3532.83,32.321769461626175,NA,Yes,200.43261339470683,265.70621194860047,Low_spent_Small_value_payments,295.95384132335937,Poor
0x1723,CUS_0xa5f9,February,Rickt,34,189-09-5267,Mechanic,57983.12,,9,8,31,8,"Payday Loan, Not Specified, Credit-Builder Loan, Debt Consolidation Loan, Payday Loan, Not Specified, Student Loan, and Student Loan",53,21,7.27,1044.0,Bad,3532.83,37.87364186839308,12 Years and 3 Months,Yes,200.43261339470683,193.87337542933238,High_spent_Medium_value_payments,327.78667784262745,Standard
0x1724,CUS_0xa5f9,March,Rickt,34,189-09-5267,Mechanic,57983.12,4720.926666666667,9,8,31,8,"Payday Loan, Not Specified, Credit-Builder Loan, Debt Consolidation Loan, Payday Loan, Not Specified, Student Loan, and Student Loan",48,,7.27,17.0,Bad,3532.83,37.81024308787287,12 Years and 4 Months,Yes,200.43261339470683,534.3581783879267,Low_spent_Small_value_payments,27.301874884033168,Poor
0x1725,CUS_0xa5f9,April,Rickt,34,189-09-5267,Mechanic,57983.12,,9,8,31,8,"Payday Loan, Not Specified, Credit-Builder Loan, Debt Consolidation Loan, Payday Loan, Not Specified, Student Loan, and Student Loan",48,22,7.27,17.0,_,3532.83,32.56739683731984,12 Years and 5 Months,Yes,200.43261339470683,197.64049552810002,High_spent_Medium_value_payments,324.0195577438599,Poor
0x1726,CUS_0xa5f9,May,Rickt,34,#F%$D@*&8,Mechanic,57983.12,4720.926666666667,9,8,31,8,"Payday Loan, Not Specified, Credit-Builder Loan, Debt Consolidation Loan, Payday Loan, Not Specified, Student Loan, and Student Loan",48,21,10.27,17.0,Bad,3532.83,37.28428974024728,12 Years and 6 Months,Yes,200.43261339470683,205.25015227427863,Low_spent_Small_value_payments,356.4099009976813,Poor
0x1727,CUS_0xa5f9,June,Rickt,34,189-09-5267,Mechanic,57983.12_,4720.926666666667,9,8,31,8,"Payday Loan, Not Specified, Credit-Builder Loan, Debt Consolidation Loan, Payday Loan, Not Specified, Student Loan, and Student Loan",46,21,7.27,17.0,Bad,3532.83,35.25737829905026,12 Years and 7 Months,Yes,200.43261339470683,626.869242023209,Low_spent_Small_value_payments,,Standard
0x1728,CUS_0xa5f9,July,Rickt,34,189-09-5267,Mechanic,57983.12,4720.926666666667,9,8,31,8,"Payday Loan, Not Specified, Credit-Builder Loan, Debt Consolidation Loan, Payday Loan, Not Specified, Student Loan, and Student Loan",49,21,7.27,1936.0,Bad,3532.83,24.63149693005803,12 Years and 8 Months,Yes,200.43261339470683,234.73204010983818,Low_spent_Medium_value_payments,316.9280131621217,Standard
0x1729,CUS_0xa5f9,August,Rickt,34,#F%$D@*&8,Mechanic,57983.12,4720.926666666667,9,8,31,8,"Payday Loan, Not Specified, Credit-Builder Loan, Debt Consolidation Loan, Payday Loan, Not Specified, Student Loan, and Student Loan",48,24,7.27,,_,3532.83,24.726351303352534,12 Years and 9 Months,Yes,200.43261339470683,159.13672195005464,High_spent_Medium_value_payments,362.5233313219053,Poor
